id,name,definition,purpose,meta_meta,Обоснование и связанные понятия,examples,relations,status,Связанные понятия и мои мысли
C_1,«Ворота» между стадиями,Заранее определённые критерии выхода/входа между стадиями развития.,"Снимают «залипание» и размытость стадий, особенно при смене ролей/уровней.",Характеристика,"Определение критериев для перехода от стадии ""Идея"" к ""Прототип""; Установление условий для завершения стадии ""Разработка"" и перехода к ""Тестированию""; Согласование показателей для перехода сотрудника на следующий уровень должности.","Определение критериев для перехода от стадии ""Идея"" к ""Прототип""; Установление условий для завершения стадии ""Разработка"" и перехода к ""Тестированию""; Согласование показателей для перехода сотрудника на следующий уровень должности.",,,"Снимают «залипание» и размытость стадий, особенно при смене ролей/уровней."
C_2,Агентность,"Агентность — это характеристика личности, выражающаяся в сильном желании и способности активно действовать с целью изменения мира, устранения неудовлетворённостей и реализации собственных замыслов. В контексте системной карьеры, это способность человека занимать проактивную позицию «заказчика собственного развития», самостоятельно определяя свои цели, роли и правила инвестирования времени и средств. Высокая агентность проявляется в способности инициировать крупные проекты, удерживать ритм их исполнения и нести ответственность за результат. Это желание не просто реагировать на внешние обстоятельства, а формировать их, переходя от решения проблем к созданию новых систем.","Позволяет человеку брать на себя ответственность за собственное развитие, активно формировать свою карьеру и жизненный путь, а не просто реагировать на внешние обстоятельства. Способствует реализации личных замыслов и устранению неудовлетворённостей через целенаправленные действия.",Характеристика,Самостоятельное планирование карьерного пути; Инициирование проектов вне должностных обязанностей; Активный поиск решений для устранения проблем; Принятие ответственности за результаты своего развития.,Самостоятельное планирование карьерного пути; Инициирование проектов вне должностных обязанностей; Активный поиск решений для устранения проблем; Принятие ответственности за результаты своего развития.,C_6_Жизненное мастерство,,"Заказчик собственного развития: это прямое практическое проявление агентности. Агентность — это внутреннее качество (желание и способность), а позиция «заказчика» — это его реализация в действии через конкретные инструменты.• Неудовлетворённость: Это топливо для агентности. Агентность не существует в вакууме; она направлена на устранение разрыва между желаемым и действительным. Чем выше калибр неудовлетворённостей (от личных к проблемам общества), тем выше калибр личности и её агентности. Элита: агентность является одной из трёх ключевых характеристик элиты, наряду с мастерством и ресурсностью. Элита — это люди с максимальной агентностью, направленной на создание ценности на высоких системных уровнях.Личный приоритетный проект: это главный операционный инструмент для реализации агентности. Он переводит внутреннее желание действовать в регулярный, проверяемый процесс с еженедельными рабочими продуктами. Личный контракт: формальный документ, который структурирует агентность, превращая абстрактные смыслы и желания в конкретные обязательства перед самим собой. Калибр личности: агентность тесно связана с масштабом личности. Растить агентность — значит растить и калибр личности, переходя от решения своих проблем к решению проблем сообщества и человечества. Агентность — это не черта характера, а управляемая характеристика. Это «мышца», которую можно и нужно тренировать. Формальное описание неудовлетворённостей, постановка гипотез и их еженедельная проверка в действии — это и есть процесс наращивания агентности. Агентность начинается с языка и мышления. Переход от пассивных формулировок («меня не устраивает», «хотелось бы») к активным («я запускаю проект X, чтобы устранить неудовлетворённость Y») — это первый шаг. Личный контракт и публичные обязательства закрепляют эту смену позиции. Мы буквально программируем свой мозг на действие, меняя способ описания реальности. Агентность требует «точки опоры» — личного приоритетного проекта. Без него желание действовать рассеивается, превращаясь в фоновое беспокойство. Приоритетный проект канализирует энергию агентности, давая ей выход в виде конкретных, осязаемых артефактов. Это критически важно: агентность без регулярного результата вырождается в пустые амбиции. Современная агентность — это агентность киберличности. Сегодняшний деятель — это не просто человек, а система «человек + экзокортекс + ИИ-ассистенты». Соответственно, его агентность проявляется в способности оркестрировать эту расширенную систему: ставить цели не только себе, но и своим цифровым агентам, выстраивать конвейеры работ и нести ответственность за их совокупный результат. Это качественно новый уровень агентности, который являтся ключевым для современной карьеры."
C_3,Бренд личности,"Набор смыслов, который включает заявление о ценности (обещание), наблюдаемое исполнение этого обещания и доказательства (метрики, кейсы). Сила бренда измеряется тем, насколько стабильно обещание подтверждается фактами.",,U.Episteme: Эпистемический артефакт,"Бренд личности — это набор смыслов и доказательств о ценности, которую человек создаёт. Это не сам человек, а знаниевый артефакт (совокупность моделей, кейсов, метрик), который описывает его репутацию. В FPF такие знаниевые конструкции моделируются как U.Episteme.",,,,"Публичность, Репутация, Рабочий продукт, Элита. Мысли: Источники дают очень прагматичное определение. Бренд — это не ""личная история"" или ""упаковка"". Это, по сути, публичный контракт: ""Я обещаю вот такую пользу, и вот доказательства"". Репутация и публичность — это следствия, а причина — регулярное создание проверяемых рабочих продуктов. Бренд не создается рассказами о себе, он строится на артефактах."
C_4,Взаимная рецензия (peer review),Внешний взгляд на соответствие критериям приёмки и уровню системности.,,U.Method: Абстрактный метод (способ действия),"Взаимная рецензия — это установленный способ получения обратной связи по рабочему продукту. Это абстрактный метод или процедура, которую можно применять многократно в разных контекстах. В FPF такой абстрактный «рецепт» действия моделируется как U.Method.",,,,Рубрика «2 плюса + 1 пожелание» задаёт культуру обратной связи.
C_5,Должность,"Закреплённый пакет ролей, полномочий и ресурсов в организации; следует за доказанной полезностью.",,U.RoleAssignment: Контекстное назначение роли,"Должность — это не просто роль, а формально закрепленный пакет ролей, полномочий и ресурсов внутри конкретной организации. Это полностью соответствует понятию U.RoleAssignment в FPF, которое формализует контракт «кто (держатель) исполняет какую роль в каком контексте».",,,,Частая ошибка — путать «роль» и «должность»; исправляется практикой артефактов.
C_6,Жизненное мастерство,"Совокупность прикладного мастерства (профессионализм в конкретной сфере, который приносит доход) и интеллекта (мыслительное мастерство, позволяющее быстро учиться новому и сложному).",,U.Capability: Способность системы,"Жизненное мастерство — это совокупность интеллекта и прикладных навыков, то есть способность человека решать проблемы и создавать системы. В FPF U.Capability моделирует именно эту способность системы выполнять определённый класс работ.",,,,"Интеллект, Прикладное мастерство, Мастерство саморазвития, Устранение неудовлетворённостей. Мысли: Это очень важное различение. Часто люди фокусируются только на прикладных навыках, забывая про интеллект. Но в быстро меняющемся мире именно интеллект обеспечивает адаптивность и позволяет быстро осваивать новые профессии. Вложение времени в интеллект — это непрямой, но самый надёжный путь к долгосрочному благополучию."
C_7,Заготовка,"Основной результат практики мышления письмом: текст, созданный в процессе размышления, а не через оформление готовых мыслей. Предназначен в первую очередь для самого мыслителя и его единомышленников, а не для широкой публики.",,U.Episteme: Эпистемический артефакт,"Заготовка — это результат практики мышления письмом, представляющий собой текст, созданный в процессе размышления. В FPF любая форма зафиксированного знания, от неформальной идеи до строгого документа, является эпистемическим артефактом (U.Episteme). Заготовка — это конкретный рабочий продукт этого типа, предназначенный для самого автора и его единомышленников, а не для широкой публики. Она служит основой для дальнейшей рефлексии и является ключевым элементом личной базы знаний.",,,,"Мышление письмом, Публичный пост, Черновики, Шаблон 5-абзацной заготовки. Мысли: Разделение ""заготовки"" и ""публичного поста"" — это мощный психологический приём. Он позволяет писать, не думая о критике и ""красивости"" текста. Важен сам процесс мышления, а не его конечный продукт для других. Это снимает писательский блок и позволяет регулярно публиковать результаты своих размышлений в кругу единомышленников, получая ценную обратную связь."
C_8,Инкремент,"По сути. Завершённый шаг развития системы, который увеличивает её полезность и годится к вводу/поставке в текущем цикле. В современной инженерии постановка задачи идёт «на очередной инкремент», а затем выполняется весь цикл разработки–тестирования–ввода, вплоть до эксплуатации и обратной связи — непрерывно/continuous . В следующем поколении (Software 4.0) даже агент может сам выводить инкремент на введение в эксплуатацию .

Когда важно. В итеративной/эволюционной разработке и портфельном управлении: каждый инкремент должен быть «готов» по критериям приёмки и наблюдаем по состояниям альф/артефактов (снятие двусмысленности «готово») .

Из чего состоит (практически). 1) Ценность/цель инкремента (что меняется для пользователя/ролей); 2) Критерии «готово»/приёмки (согласованные правила и проверки); 3) Комплект изменений (код/конфигурация/описания); 4) Следы работ (что и кем сделано — разделение «метод/план/выполнение» по FPF) .",,U.Artifact: Артефакт,"Инкремент — это измеримый результат и проверяемый рабочий продукт, создаваемый за базовую единицу прогресса, например, за недельный спринт. Он подтверждает фактическое движение вперед по проекту. В FPF результат выполненной работы или процесса моделируется как U.Work. Инкремент — это не просто абстрактный план, а запись о конкретном, завершенном изменении в системе или рабочем продукте, что полностью соответствует семантике U.Work.",,,,"Путают с:
• Релизом. Релиз — событие вывода; инкремент — готовый к выводу кусок продукта (может быть выпущен, а может ждать окна).
• Спринтом/задачей. Спринт — временной контейнер работ; задача — единица плана; инкремент — результат состояния альф/артефактов после цикла работ .

Связи:
• Опирается на: единые определения «готово» и явные состояния артефактов/альф (state explicitness) .
• Порождает: измеримый прогресс, обратную связь и постановку следующего инкремента (Dev→Ops единым контуром) .

Метафора. Годичное кольцо дерева: каждый слой — небольшой, но делает дерево толще и жизнеспособнее."
C_9,Интенсивность эмоций,,,,,,,,
C_10,Инвестирование и учет времени,"Практика управления вниманием и учёта времени, выделяемого на проекты. Расширенная версия техники Помодоро, которая разделяет время на инвестированное (в получение нового мастерства) и потраченное (применение имеющегося мастерства).",,U.Method: Абстрактный метод (способ действия),"Это практика, которая делает абстрактный ресурс времени видимым и управляемым. В рамках стратегирования она используется для выделения защищенных временных слотов под приоритетные проекты и анализа выполнения плана. В FPF, U.Method — это абстрактный, воспроизводимый способ действия. Учет и инвестирование времени — это именно такой универсальный метод управления личными ресурсами для достижения стратегических целей.",,,,"Приоритетный проект, Слот, Помодоро, Распорядок дня, Ресурсность. Мысли: ""Время, как и деньги, любит счёт"". Эта практика делает абстрактный ресурс (время) видимым и управляемым. Учёт времени — это не бюрократия, а инструмент концентрации и мотивации, особенно в долгих проектах, где результат не виден сразу. Это прямой показатель ваших реальных намерений."
C_11,Исчезающие заметки,"Рабочий продукт практики мышления письмом; могут быть мимолетными (пришедшие непроизвольно) или образовательными (возникшие при чтении). Называются ""исчезающими"", так как после разбора и переноса в черновики их следует удалять.",,U.Episteme: Эпистемический артефакт,"Исчезающие заметки — это рабочий продукт практики мышления письмом, который служит сырьем для дальнейшей обработки. Они могут быть мимолетными или образовательными и называются «исчезающими», потому что после разбора и переноса в черновики их следует удалять. Каждая такая заметка, как и ""Заготовка"", является эпистемическим артефактом (U.Episteme), то есть зафиксированным знанием. Это входящий рабочий продукт для стратегирования, который позволяет фиксировать идеи, не опасаясь ""засорить"" систему знаний.",,,,"Мышление письмом, Творческий конвейер, Мыслительный резонанс, Черновики. Мысли: Это фундаментальный инструмент для ""ловли"" мыслей. Принцип ""исчезания"" снимает перфекционизм и страх ""засорить"" систему. Заметка — это не архив, а сырьё. Её задача — быть быстро зафиксированной и так же быстро переработанной в более структурированный черновик. Это освобождает ум и стимулирует постоянный поток идей."
C_12,Калибр личности,"Калибр личности — это характеристика, которая определяется широтой и сложностью интересов человека, а также его способностью и желанием размышлять о системах и времени, выходящих за пределы его собственной жизни. В контексте системной карьеры, это способность человека переходить от решения личных неудовлетворённостей к решению проблем на всё более высоких системных уровнях: от команды и предприятия до сообщества, общества и даже цивилизации.Рост калибра личности — это один из четырёх ключевых аспектов карьерного роста. Он напрямую связан с масштабом систем, которые человек способен создавать, и является неотъемлемой частью характеристики «элиты» — созидателей, которые устойчиво создают ценность на высоких системных уровнях.",,U.Characteristic: Характеристика,"Калибр личности определяется масштабом систем, которые человек способен создавать (от семьи до общества). Это измеряемая характеристика, которая описывает «размер» его агентности и влияния. В FPF для таких измеряемых свойств используется тип U.Characteristic.",,,,"Агентность — это движущая сила, желание действовать. Калибр личности определяет направление и масштаб приложения этой силы. Можно обладать высокой агентностью, но направлять её на решение локальных, личных задач (небольшой калибр). Рост калибра личности означает применение агентности для решения всё более глобальных проблем.• Рост по системным уровням: Это операционное определение роста калибра личности. Вы буквально начинаете создавать системы, которые приносят пользу не только вам, но и вашей команде, организации, рынку и обществу в целом. Неудовлетворённости: Рост калибра личности проявляется в эволюции ваших неудовлетворённостей. Вы начинаете с личных проблем («мало зарабатываю»), переходите к проблемам окружения («процессы в команде неэффективны») и в итоге дорастаете до проблем общества («в моей отрасли нет стандартов качества», «образование не готовит к вызовам XXI века»). Элита: высокий калибр личности является одним из ключевых признаков элиты. Элита — это люди, которые не просто думают, но и устойчиво действуют на высоких системных уровнях, создавая там ценность. Сверхцели и проблемы изменения мира: это практические проявления большого калибра личности. Человек начинает ставить перед собой не просто личные цели, а сверхцели и браться за решение глобальных проблем, которые требуют визионерства и способности объединять сообщества.• Сообщество единомышленников: Нахождение в сообществе, которое ставит перед собой амбициозные цели на высоких системных уровнях, является мощнейшим инструментом для увеличения собственного калибра личности. 
Калибр личности — это вектор развития, а не статичная черта. Никто не рождается с «большим калибром». Это результат осознанного выбора и непрерывного развития. Методология системной карьеры как раз и предлагает инструменты для такого роста: через регулярные сессии стратегирования вы анализируете свои неудовлетворённости и постепенно «поднимаете планку» — от личного к общественному. Это не про эго, а про ответственность. Важно понимать, что большой калибр личности — это не про «великие амбиции» или самомнение. Это, прежде всего, про принятие на себя ответственности за всё более сложные и масштабные системы. Это переход от логики «что я могу получить от мира?» к логике «какую ценность я могу создать для мира?». Калибр личности растёт через практику, а не через размышления. Просто думать о глобальных проблемах недостаточно. Рост происходит, когда вы начинаете действовать — запускаете приоритетный проект, который, пусть и на микроуровне, но адресует проблему более высокого системного порядка. Например, вместо того чтобы просто жаловаться на отсутствие стандартов в отрасли, вы создаете и публикуете «регламент версии 0.1» для своей команды — это и есть практический шаг по увеличению калибра. «Банка с огурцами» решает. Один из самых эффективных способов увеличить свой калибр — поместить себя в окружение людей, чей калибр уже высок. Сообщество с высокой миссией, которое обсуждает и решает проблемы на уровне отрасли или общества, неизбежно «пропитает» вас и изменит масштаб вашего мышления и действий. Это самый быстрый путь к росту."
C_13,Карта ролей / карта системы карьеры,Визуализация ролей и связей «надсистема–целевая система–система создания».,,U.Episteme: Эпистемический артефакт (модель),"Это визуализация (модель) ролей и их связей в разных системах. Любая модель, схема или описание в FPF является знаниевым артефактом, то есть U.Episteme.",,,,Отличный инструмент концепт-чека понимания «роль ≠ должность».
C_14,Карьера,"Последовательный процесс достижений и опыта, связанный с развитием мастерства, должностным продвижением и личными/профессиональными целями.",,U.Work: Запись о событии/процессе,"Карьера — это процесс накопления опыта и достижений на протяжении жизни. Это не план, а фактическая история событий. В FPF запись о фактическом выполнении работ и произошедших событиях — это U.Work.",,,,Мыслить карьеру как проект с циклом «план→действие→проверка→коррекция» повышает управляемость.
C_15,Карьерный рост,"Процесс, включающий в себя четыре аспекта: профессиональный (углубление мастерства), должностной (расширение ответственности и ресурсов), рост по системным уровням (увеличение масштаба создаваемой полезности) и рост по основным ролям (Ученик, Интеллектуал и т.д.).",,B.4 Canonical Evolution Loop: Канонический цикл эволюции,"Карьерный рост — это процесс эволюционного развития по нескольким направлениям: профессиональному, должностному и по системным уровням. FPF моделирует такие процессы улучшения и развития через Канонический цикл эволюции (Run-Observe-Refine-Deploy).",,,,"Роль, Должность, Мастерство, Системные уровни, Траектория ролей. Мысли: Такое многомерное представление о росте гораздо богаче традиционного ""вверх по лестнице"". Оно позволяет строить более гибкие и устойчивые траектории. Можно, например, активно расти по системным уровням и в ролях, временно не меняя должность, и это будет мощным карьерным развитием."
C_16,Киберличность,"Человек вместе с его контуром цифровых средств: ИИ-агентами, экзокортексом, инструментами и регламентами. В системной карьере объектом развития и найма становится именно эта целостная система.",,U.System: Система (составная),"Киберличность — это не просто человек, а составная система, включающая самого человека, его ИИ-агентов, экзокортекс и инструменты. FPF моделирует такие операционные целостности, состоящие из взаимодействующих частей, как U.System.",,,,"Экзокортекс, ИИ-ассистенты, Роли агентов, Личный контракт, Паспорт киберличности. Мысли: Это взгляд в будущее, которое уже наступило. Работодатель нанимает не просто специалиста, а его способность производить результат. Сегодня эта способность всё больше зависит от того, как человек ""оркестрирует"" своих цифровых помощников. ""Паспорт киберличности"" — это, по сути, резюме вашей расширенной производительной системы."
C_17,Конвейер работ,"Повторяемая последовательность шагов с метриками и артефактами, адаптированная под конкретный карьерный контекст (например, поиск первой работы или рост на текущем месте). Без конвейера любая стратегия превращается в надежду.",,U.MethodDescription: Описание метода,"Конвейер работ — это повторяемая последовательность шагов с метриками и артефактами, адаптированная под конкретный контекст. Это описание метода или «рецепт», которому можно следовать. В FPF для этого используется U.MethodDescription.",,,,"Приоритетный проект, Рабочий продукт, Метрики, Спринт, Системная карьера. Мысли: Это операционализация карьерной стратегии. Вместо абстрактной цели ""найти работу"" вы строите конкретный, измеримый процесс: ""N вакансий в неделю → M адаптированных резюме → K интервью"". Это делает результат предсказуемым и позволяет улучшать конверсию на каждом этапе. Для любой карьерной задачи можно и нужно спроектировать свой конвейер."
C_18,Конструктивное выравнивание,"Согласование целей, активностей и оценивания так, чтобы они вели к измеримым результатам обучения.",,U.Method: Абстрактный метод (способ действия),"Конструктивное выравнивание — это метод согласования целей, активностей и способов оценки для достижения измеримых результатов обучения. По своей сути, это рецепт или способ действия (way of working), который можно применять в различных учебных проектах. В FPF абстрактные, воспроизводимые способы действия моделируются как U.Method. Этот метод обеспечивает, чтобы все элементы учебного процесса (задания, метрики, цели) были выровнены и вели к единому, заранее определенному результату.",,,,"Каркас курса: LO ↔ задания ↔ метрики (напр., Contract v1 → checklist → completeness%)."
C_19,Консультанты и карьерные трекеры,"Фасилитаторы системной карьеры, переводящие неудовлетворённости в приоритетный проект с недельным ритмом.",,U.Role: Роль,"Консультанты и карьерные трекеры — это фасилитаторы системной карьеры. Они выполняют определённую функцию: помогают человеку переводить его неудовлетворённости в приоритетные проекты с недельным ритмом. FPF моделирует такие контекстные функции, которые может выполнять агент (человек, организация, ИИ), как U.Role. Роль консультанта заключается в том, чтобы задавать «правильные вопросы», снимать онтологические путаницы и выстраивать контуры качества для киберличности клиента.",,,,"Быстрый скрининг — у них есть свой контракт, портфель артефактов и публичный ритм."
C_20,Критерии приёмки,"Условия, по которым артефакт считается готовым; задаются до начала работы.",,U.Characteristic: Характеристика,"Критерии приёмки — это условия, по которым рабочий продукт (артефакт) считается готовым. Они задают норму или стандарт качества, с которым сравнивается результат работы. В FPF измеряемые свойства, атрибуты и нормы для систем канонизированы как U.Characteristic. Критерии приёмки являются конкретным примером таких характеристик, которые служат для проверки соответствия и принимаются до начала работы.",,,,Делают качество объективным; хорошо сочетаются с назначением проверяющего и журналом решений/тестами.
C_21,Крошки времени,"Небольшие промежутки времени в течение дня (паузы, время в очереди), которые можно использовать для выполнения мелких, заранее подготовленных задач. Это ресурс для повышения продуктивности.",,U.Method: Абстрактный метод (способ действия),"«Крошки времени» — это практика использования небольших промежутков времени в течение дня (паузы, время в очереди) для выполнения мелких, заранее подготовленных задач. Это воспроизводимый приём или способ работы (way of working), направленный на повышение продуктивности. В FPF такие универсальные «рецепты» действий моделируются как U.Method. Эта практика требует предварительного планирования и помогает превратить «потерянное» время в ресурс.",,,,"Планирование, Список работ для крошек времени, Управляемость вниманием. Мысли: Это практический инструмент для работы с ""потерянным"" временем. Вместо бездумного скроллинга соцсетей можно прочитать статью из заранее подготовленного списка. Это требует дисциплины планирования, но значительно увеличивает полезное время в течение дня."
C_22,Личный контракт,"Краткий документ (1-2 страницы), который переводит личные смыслы, неудовлетворённости и долгосрочные цели в конкретные, измеримые еженедельные действия и рабочие продукты. Это договорённости с самим собой, структурированные по цепочке «смысл → роли → компетенции → эпики → спринты → слоты».",,U.WorkPlan: План работ (с элементами U.Episteme),"Личный контракт — это живой процесс и документ, который связывает глубинные неудовлетвореннос­ти человека со стратегией, проектами и конкретными действиями в календаре. Он является инструментом планирования, который переводит стратегии (гипотезы) в конкретные проекты и задачи на неделю. В FPF план конкретных действий с определенной целью моделируется как U.WorkPlan. Поскольку контракт также содержит гипотезы и описания (стратегию), он включает в себя и элементы U.Episteme (знаниевого артефакта).",,,,"Стратегирование, Приоритетный проект, Роль, Спринт, Слот, Агентность, Киберличность. Мысли: Это самый практичный инструмент системной карьеры. Он заставляет быть честным с самим собой и создает управляемый мост между абстрактными намерениями и календарём ближайшей недели. Если в контракте есть цель, но в календаре нет защищённых слотов для неё, значит, это не цель, а просто ""шум в голове"". Контракт делает этот разрыв видимым и заставляет действовать."
C_23,Мастерство (компетенции),"Набор знаний и умений, необходимых для исполнения роли в надсистеме.",,U.Capability: Способность системы,"Мастерство — это набор знаний и умений для исполнения роли, то есть способность решать определённый класс задач. В FPF U.Capability как раз и моделирует способность системы (агента) выполнять работу.",,,,Развивается через планируемые «эпики» и недельные спринты.
C_24,Мимолетные заметки,,,U.Episteme: Эпистемический артефакт,"Это зафиксированные идеи и наблюдения, которые служат сырьём для дальнейшей обработки. Каждая такая заметка — это знаниевый артефакт, то есть U.Episteme, пусть и с низким уровнем формальности (F0).",,,,
C_25,Мыслительный резонанс,"Ощущение ""отклика"" или гармонии, когда новая информация (идея, мем, теория) совпадает или удачно дополняет имеющиеся у человека картины мира. Проявляется как вдохновение, радость, инсайт. Это сигнал для фиксации мысли в виде заметки.",,U.Dynamics: Закон изменения состояния (триггер),"Это сигнал (ощущение), возникающий при совпадении новой информации с имеющейся картиной мира. В FPF такие события, которые запускают переход системы (в данном случае, ментальной системы человека) в новое состояние (например, состояние «идея зафиксирована»), можно рассматривать как триггеры в рамках U.Dynamics.",,,,"Систематическое медленное чтение, Исчезающие заметки, Мышление письмом. Мысли: Если онтологический дребезг — это сигнал об ошибке, то резонанс — это сигнал о ценности. Это телесный маркер того, что мозг нашел что-то важное. Практика состоит в том, чтобы не пропускать эти моменты, а немедленно останавливаться и записывать мысль. Так случайные инсайты превращаются в строительные блоки для вашей личной базы знаний."
C_26,Мышление письмом,"Практика, целью которой является получение результата размышлений в виде текста (заготовки), причём мысли создаются прямо в процессе письма, а не оформляются после. Это основная культурная практика мышления для современного человека.",,U.Method: Абстрактный метод (способ действия),"Мышление письмом — это основной метод для стратегирования, позволяющий через письменные размышления генерировать и прорабатывать идеи, стратегии и неудовлетворен­ности. Это воспроизводимый способ действия (way of working) по созданию знаниевых артефактов (заготовок, стратегий). В FPF такие универсальные методы мышления и действия моделируются как U.Method.",,,,"Экзокортекс, Заготовка, Исчезающие заметки, Черновики, Личная база знаний, Систематическое медленное чтение. Мысли: Это не про ""красивый текст"", а про ""сильное мышление"". Думать с помощью экзокортекса (компьютера) продуктивнее, чем только головой. Эта практика обучает вашу собственную нейронную сеть, создавая при этом ценный внешний актив — личную базу знаний. Принцип ""в сложных ситуациях — пиши"" — мощнейший инструмент для работы с неопределённостью."
C_27,Недельное стратегирование,Регулярный цикл «план→исполнение→демо→рецензия→выводы→коррекция».,,U.Work: Запись о событии/процессе (сессия),"Недельное стратегирование (или стратегическая сессия) — это регулярный, запланированный цикл работ по анализу и коррекции стратегии, планов и неудовлетворен­ностей. Это конкретное событие или процесс, происходящий в определённое время (например, раз в неделю). В FPF запись о фактическом выполнении работы или процессе — это U.Work. На выходе этой работы появляются обновленные рабочие продукты: список проектов, бюджет времени и т.д..",,,,Фиксация маркеров начала/конца и времени разбора снимает «размазанный» прогресс.
C_28,Недельный цикл,Одна неудовлетворённость → цель-артефакт → критерии → план слотов (человек+агенты) → публичная демо → рецензия → обновление контрактов/методов.,,B.4 Canonical Evolution Loop: Канонический цикл эволюции,"Недельный цикл — это базовая единица прогресса, включающая в себя последовательность «план → исполнение → демонстрация → рецензия → выводы → коррекция плана». Этот повторяющийся процесс направлен на постоянное улучшение и адаптацию. В FPF такие процессы эволюционного развития и улучшения моделируются через Канонический цикл эволюции (Run-Observe-Refine-Deploy).",,,,Эта петля — минимальная «машина обучения» киберличности.
C_29,Неудовлетворённость,"Внутренние «болевые точки», которые хочется уменьшить; то, что вызывает беспокойство; источник приоритетных проектов и движущая сила для развития. Работа с формально описанными неудовлетворённостями является отправной точкой стратегирования.",,U.Characteristic: Характеристика,"Неудовлетворённость — это внутреннее психическое состояние, возникающее из-за разрыва между желаемым и действительным (проблемы). Это ключевая характеристика состояния человека, которая служит «топливом» для стратегирования и запуска проектов. В FPF измеряемые свойства и состояния систем канонизированы как U.Characteristic. Формальное описание неудовлетворённостей является первым шагом в работе с ними.",,,,"Стратегирование, Приоритетный проект, Беспокойство, Жизненное мастерство. Мысли: Это не просто ""проблема"", а фундаментальное состояние человека. Систематическая работа с неудовлетворённостями (их выписывание, анализ) программирует мозг на поиск решений и возможностей. Это топливо для роста. При этом важно растить калибр своих неудовлетворённостей — от личных к проблемам сообщества и общества."
C_30,Онтологический дребезг,"Ощущение дискомфорта, раздражения или дезориентации, возникающее, когда человек сталкивается с нарушением логических связей или типов в речи собеседника (например, ""Я посетил Москву, Нью-Йорк и Австралию""). Это сигнал об онтологической ошибке.",,U.Characteristic: Характеристика,"Онтологический дребезг — это ощущение дискомфорта, возникающее при столкновении с высказыванием, в котором нарушена логика типов объектов. Например, когда путают работы и команду, которая их выполняет. Это сигнал, указывающий на онтологическую ошибку. Этот сигнал является характеристикой состояния ментальной модели человека. В FPF такие измеряемые свойства и сигналы моделируются как U.Characteristic.",,,,"Мышление проговариванием, Системное мышление, Картины мира, Заметка. Мысли: Это своего рода ""интеллектуальная интуиция"", натренированная системным мышлением. Умение замечать этот ""дребезг"" у себя и других — мощный инструмент для отладки мышления. Он заставляет задавать уточняющие вопросы и прояснять понятия, что критически важно для любой совместной интеллектуальной работы."
C_31,Осознанное обучение (vs интуитивное),"Обучение, при котором человек целенаправленно изучает теорию, обращает внимание на понятия и принципы, и пробует создавать рабочие продукты по методике. Отличается от интуитивного обучения («бери и делай», «смотри и повторяй»).",,U.Method: Абстрактный метод (способ действия),"Осознанное обучение — это метод освоения нового, при котором человек целенаправленно изучает теорию, обращает внимание на понятия и принципы, и создаёт рабочие продукты по методике. Это противопоставляется интуитивному подходу «бери и делай». Такой способ обучения является воспроизводимым методом (way of working). В FPF подобные абстрактные способы действия моделируются как U.Method.",,,,"Роль ученика, Профессиональный ученик, Мастерство саморазвития, Уровни мастерства. Мысли: Это ключевое методологическое различение. Интуитивный подход (""плавать по-собачьи"") может работать, но он менее эффективен и непредсказуем по сравнению с осознанным освоением лучших практик (""плавание кролем""). Курс нацелен именно на постановку осознанного подхода к обучению."
C_32,Пассажирский режим,"Когда заказчиком развития выступают внешние институты, а не сам человек.",,U.Characteristic: Характеристика,"Пассажирский режим — это состояние, в котором человек пассивно плывёт по течению чужих запросов, вместо того чтобы активно управлять собственным развитием. Это антоним агентской позиции. Это состояние является характеристикой поведения системы (человека). В FPF такие измеряемые свойства и состояния канонизированы как U.Characteristic. Личный контракт является инструментом для выхода из этого режима.",,,,Переход к позиции «личного заказчика» — базовая смена парадигмы курса.
C_33,Показатели прогресса,"Ведущие: часы, артефакты, частота демо; запаздывающие: усложнение задач, рост ответственности, изменения должности.",,MM-CHR: Характеристика измерения (метрика),"Это конкретные метрики (ведущие и запаздывающие), которые используются для оценки движения к цели. FPF имеет специальную архитеорию MM-CHR для определения метрик, где каждая метрика привязана к характеристике, шкале и единице измерения (CSLC).",,,,Разведение leading/lagging устраняет ложные сигналы мотивации и концентрирует на действиях.
C_34,Правила качества,Критерии приёмки заранее; назначен проверяющий; ведутся журналы/тесты; публичность обязательна.,,Norm-CAL: Нормативный калькулус (ограничение),"Правила качества — это набор норм, критериев и стандартов, которые определяют приемлемость рабочего продукта. Они включают критерии приёмки, наличие проверяющего, тесты и пост-анализ. В FPF такие предписания, обязательства и ограничения, которые управляют действиями и оценивают результаты, моделируются через архитеорию Norm-CAL. Это не просто характеристика, а именно нормативный контракт, определяющий «как должно быть».",,,,Переносят стандарты инженерии в личное развитие и работу с ИИ-агентами (SLO).
C_35,Практики саморазвития / Новая (вторая) грамотность,"Набор универсальных методов, позволяющих человеку быстрее учиться сложному, продуктивно использовать время и осознанно управлять своим развитием. Включают в себя инвестирование времени, систематическое медленное чтение, мышление письмом и проговариванием, организацию досуга, формирование окружения, стратегирование и планирование.",,U.Method: Абстрактный метод (способ действия),"Это набор универсальных методов (инвестирование времени, мышление письмом и т.д.), позволяющих управлять своим развитием. Каждый из них — это воспроизводимый способ действия, то есть U.Method.",,,,"Роль Ученика, Экзокортекс, Творческий конвейер, Мастерство саморазвития, Синергетический эффект. Мысли: Это операционная система для личности в XXI веке. Как арифметика стала базовой грамотностью прошлого, так и эти практики — необходимый фундамент для конкурентоспособности и самореализации сегодня. Их сила в синергии: минута медленного чтения с заметками — это одновременно вклад в практику чтения и в мышление письмом, что на порядок ускоряет освоение."
C_36,Приоритетный инвестиционный проект,"Нацелен на наращивание жизненного мастерства. Его итоговый продукт — это новое знание, навык или компетенция. Например, «Проект освоения практики системного мышления». Если вы специально берете рабочую задачу, чтобы на ней чему-то научиться, то это инвестиционный проект в формате практико-ориентированного обучения. ",,U.WorkPlan: План работ,"Это проект (план работ), нацеленный на развитие жизненного мастерства. План конкретных действий с определённой целью в FPF моделируется как U.WorkPlan.",,,,"Если проект — это в первую очередь способ войти в новую сферу (инвестиционный фокус), то проект классифицируется как приоритетный инвестиционный проект. Главная цель — получить проверяемое мастерство и кейс для портфолио. Заработок в этом случае является важным критерием успешности и подтверждением того, что полученное мастерство востребовано на рынке. Деньги здесь — это форма обратной связи от реальности"
C_37,Приоритетный проект,"Проект, который направлен на устранение ключевой неудовлетворённости, связан с личным смыслом и каждую неделю выдаёт проверяемый рабочий продукт. Это основной инструмент для перевода стратегии в действие.",,U.WorkPlan: План работ,"Это проект, который устраняет ключевую неудовлетворённость и имеет еженедельные результаты. Как и любой проект, он является планом работ, то есть U.WorkPlan.",,,,"Стратегирование, Личный контракт, Рабочий продукт, Спринт, Слот. Мысли: Наличие ""всегда действующего"" приоритетного проекта — это маркер агентской позиции. Он не дает ""зависнуть"" в теории или рефлексии, так как требует еженедельного, осязаемого результата. Это превращает карьеру из абстракции в серию конкретных, управляемых шагов. Переносит управление к человеку: роли, правила инвестиций времени, стандарты качества/публичности."
C_38,Приоритетный рабочий проект,"Нацелен на создание конкретной системы или рабочего продукта, который устраняет неудовлетворенность. Например, «Проект создания системы личного финансового учета». Если вы решаете рабочую задачу и попутно чему-то учитесь, то это рабочий проект. Если проект — это главный источник дохода (рабочий фокус), то проект остается приоритетным рабочим проектом. Его основная цель — создать продукт или сервис, который принесет прибыль. Обучение в этом случае становится необходимым методом для достижения этой цели. Вы инвестируете время в освоение новых навыков, потому что без них невозможно создать конкурентоспособный продукт и, следовательно, заработать.",,U.WorkPlan: План работ,"Это проект, нацеленный на создание конкретной системы или рабочего продукта для устранения неудовлетворённости. Он отличается от инвестиционного проекта, фокус которого на развитии мастерства. Любой проект, как совокупность запланированных работ для достижения цели, в FPF моделируется как U.WorkPlan.",,,,
C_39,Продуктивное состояние,"По сути. Устойчивый режим работы ума и тела, когда есть ясность намерения, управляемое внимание (собранность) и адекватный тонус тела, а цикл «замысел → действие → обратная связь» идёт без лишних переключений. Ключ — сознательный присмотр за вниманием (governance), а не «само собой» .

Когда важно. В задачах, требующих длительной концентрации: глубокая работа, написание длинных текстов, учебные марафоны; здесь помогают протоколы типа pomodoro .

Из чего состоит (операционализация). 1) Собранность — владеть умом и телом; это не mindfulness-ритуалы и не спорт ради спорта, а именно присмотр за вниманием на разных масштабах времени . 2) Режимы мышления: уметь включать трудный S2 для логики и проверки, тренировать переход в режим проверки вывода . 3) Экзокортекс/инструменты — внешняя память и поиск, которые удерживают объекты внимания и разгружают голову . 4) Картинка задачи — понятизация и место «собранности» в интеллект-стеке: без них высокоуровневые методы «не схватываются» . 5) Ритуалы удержания — помодоро, «якоря» (мантры) для фокусировки: «повторяй — удерживает собранность» .",,U.Characteristic: Характеристика,,,,,"Путают с:
• Mindfulness/релаксацией. Продуктивное состояние — не про расслабление ради ощущения, а про надзор за вниманием в работе; прямо подчёркнуто, что собранность — «не mindfulness» .
• «Хорошим настроением» от хобби. Позитивное состояние можно «сделать» практикой ради эмоций, но это не гарантирует производительность по задаче .

Связи:
• Опирается на: Собранность (присмотр за вниманием) ; Понятизацию (чёткая форма задачи) в составе интеллект-стека ; умение переключать S2 для критики и проверки .
• Порождает: способность к глубокой работе на часы без «срывов» внимания; иначе логика просто не держится на длинном рассуждении .

Метафора. Это режим «пилот-автопилот с диспетчером»: автопилот ведёт рутину, но есть диспетчер (ты), который держит курс, включает нужный режим мышления и подхватывает управление на критических участках."
C_40,Проблема,,,U.Characteristic: Характеристика,"Проблема — это объективный разрыв между текущим состоянием и желаемым результатом. В нейронауке это описывается как ошибка предсказания. В отличие от неудовлетворённости (психического состояния), проблема — это измеряемая характеристика ситуации. В FPF такие измеряемые свойства и состояния систем канонизированы как U.Characteristic.",,,,
C_41,Пропитка,"Одна из ключевых стадий обучения, на которой человек объясняет себе важность освоения новой практики, формирует сильную и долгосрочную мотивацию, а также создаёт окружение, которое удерживает его внимание на обучении.",,U.Method: Абстрактный метод (способ действия),"Пропитка — это стадия обучения, на которой происходит погружение в культурный контекст практики через наблюдение, общение и копирование без глубокого анализа. Это специфический способ (метод) первоначального освоения знаний и навыков. В FPF абстрактные, воспроизводимые способы действия моделируются как U.Method.",,,,"Стадии обучения, Формирование окружения, Мотивация, Агентность. Мысли: Это часто упускаемый, но критически важный этап. Без качественной пропитки любое сложное и долгое обучение обречено на провал из-за угасания мотивации. Это не просто ""замотивировать себя"", а системная работа: найти глубокие личные причины, окружить себя правильными людьми и информацией, чтобы сама среда не давала ""соскочить""."
C_42,Профессионал,"Человек, который делает всё в своей сфере деятельности быстрее и качественнее, чем обычный, потому что знает и применяет лучшие практики (SoTA-методы) в своей области.",,U.Role: Роль,"Профессионал — это роль человека, который владеет лучшими на сегодняшний день (SoTA) методами в своей предметной области. В FPF U.Role является фундаментальным понятием для описания функции, которую выполняет система. Роль «профессионал» подразумевает определённый уровень мастерства и способность решать класс задач с предсказуемым качеством.",,,,"Мастерство, Роль, Практики ученика, SoTA-методы. Мысли: Источники подчеркивают, что профессионализм — это не просто ""опыт"". Это осознанное владение лучшими методами. Профессиональный ученик отличается от обычного так же, как пловец-кролист от того, кто ""плавает по-собачьи"". Чтобы стать профи в любом деле, нужно сначала стать профессиональным учеником в этом деле."
C_43,Публичность и репутация,Открытая демонстрация хода и результатов; репутация — история проверяемой полезности.,,U.Characteristic: Характеристика,"Публичность — это готовность демонстрировать результаты, а репутация — это история проверяемой полезности. Оба понятия являются измеряемыми характеристиками или атрибутами личности (агента), которые оцениваются другими системами. В FPF для таких измеряемых свойств используется тип U.Characteristic.",,,,Регулярная публичность превращает артефакты в социальный капитал и ускоряет возможности.
C_44,Рабочий продукт (артефакт),"Проверяемый, осязаемый результат работы, по которому внешний наблюдатель может судить о пользе. Это может быть документ, код, прототип, инструкция, отчёт. Единицей прогресса в системной карьере является неделя с чётко определённым рабочим продуктом.",,U.Episteme: Эпистемический артефакт или U.System: Система,"Рабочий продукт (артефакт) — это проверяемый, осязаемый результат работы, такой как документ, код или прототип. В FPF такие знаниевые конструкции (документы, модели, код) моделируются как U.Episteme. Если же рабочий продукт — это физическая, операционная целостность (например, прототип устройства), то он моделируется как U.System.",,,,"Личный приоритетный проект, Спринт, План работ, Качество, Публичность. Мысли: Фокус на рабочих продуктах — это противоядие от ""имитации бурной деятельности"". Если по итогам недели нет артефакта, значит, реальной работы не было. Принцип ""не делать ничего, что не ведёт к рабочему продукту из списка"" вносит в деятельность невероятную дисциплину и ясность. Проекты двигают вперёд именно рабочие продукты."
C_45,Репутация,Последовательная история проверяемой полезности (через публичные артефакты).,,U.Characteristic: Характеристика,"Репутация — это история проверяемой полезности, характеристика, которая накапливается со временем. Это свойство или характеристика агента, которая оценивается другими. В FPF для этого используется U.Characteristic.",,,,Репутация — главный «магнит» возможностей; строится через ритм демо.
C_46,Роль,Устойчивая способность решать класс задач с предсказуемым качеством.,,U.Role: Роль,"Роль — это устойчивая способность решать класс задач с предсказуемым качеством. В FPF U.Role является фундаментальным понятием, описывающим контекстную функцию или «маску», которую носит система.",,,,«Одна роль — один проверяемый артефакт» — простой тест реальности роли.
C_47,Синергетический эффект (практик),"Эффект, возникающий при одновременном освоении и применении всех практик саморазвития, который позволяет на порядок сократить время на их освоение и значительно повысить скорость и качество обучения в целом.",,B.2 MHT: Мета-холонный переход (эмерджентность),"Это эффект, при котором совместное применение практик даёт результат, превосходящий сумму их отдельных эффектов. В FPF появление новых свойств у системы, которые не сводятся к сумме свойств её частей, моделируется как эмерджентность или Мета-холонный переход (MHT).",,,,"Практики саморазвития, Экзокортекс, Мастерство саморазвития. Мысли: Это ответ на вопрос ""почему эти практики собраны вместе?"". Одна и та же минута медленного чтения с заметками является вкладом сразу в несколько практик, создавая кумулятивный эффект. Это методическое ядро всей программы ""Новая грамотность""."
C_48,Системная карьера,"Карьерный процесс, организованный с использованием системных понятий (включая эволюционные теории), в котором личность выступает заказчиком собственного развития. Фокус смещается с должностей на создание ценности на всё более высоких системных уровнях, управляя своей киберличностью и ресурсностью.",,U.MethodDescription: Описание метода (рецепт),"Системная карьера — это процесс, организованный с использованием системных понятий. Это не сама карьера-факт, а способ её построения, то есть описание метода. В FPF это соответствует U.MethodDescription.",,,,"Связывает смыслы с календарём и артефактами, делая рост наблюдаемым и воспроизводимым. Личный приоритетный проект, Личный контракт, Рост по системным уровням, Ресурсность, Элита, Траектория ролей, Киберличность. Мысли: Это фундаментальный сдвиг парадигмы. Вместо того чтобы быть пассивным исполнителем, которого ""планируют"" рынок и работодатели, человек становится архитектором своей траектории. Карьера перестает быть серией случайных трудоустройств и превращается в управляемый проект, где каждый шаг осмыслен и направлен на рост полезности для внешних систем."
C_49,Системное саморазвитие,"Способность человека самостоятельно, непрерывно и бесконечно развиваться, используя лучшие практики (знания и технологии), включая экзокортекс. Это более широкое понятие, чем карьера, охватывающее все аспекты жизни.",,U.Method: Абстрактный метод (способ действия),"Это подход к личному развитию, организованный через постоянный личный приоритетный проект, который каждую неделю даёт проверяемый рабочий продукт. Это воспроизводимый способ или метод управления своим развитием. В FPF такие абстрактные «рецепты» действий моделируются как U.Method.",,,,"Бесконечное развитие, Личностный рост, Карьера как часть жизни, Роль ученика. Мысли: Это фундаментальная цель, для достижения которой и служат все остальные практики. Источники подчеркивают, что без мастерства саморазвития невозможно быть востребованным профессионалом и менять мир к лучшему в условиях постоянных изменений."
C_50,Слоты,"Защищённые окна времени (стандарт — ежедневно, ≥10 часов/неделя) под приоритетный проект.",,U.WorkPlan: План работ (элемент),"Слоты — это защищённые временные окна в календаре, зарезервированные для работы над приоритетными проектами. Они являются конкретными элементами плана работ на неделю. В FPF план работ моделируется как U.WorkPlan.",,,,«Ведущая» метрика дисциплины — факт часов в слотах.
C_51,Спринт (неделя),Базовая единица прогресса с одним измеримым инкрементом/артефактом.,,U.WorkPlan: План работ,Спринт (неделя) — это базовая единица прогресса с одним измеримым результатом (инкрементом). Он представляет собой план работ на короткий период. В FPF для моделирования планов и расписаний используется U.WorkPlan.,,,,Жёсткая формулировка «одна неудовлетворённость → один продукт» повышает завершение.
C_52,Стадии обучения,"Определённые отрезки времени, в которых выполняются работы для постановки и развития мастерства. Включают: Пропитка и Изучение теории, Анализ и планирование, Практическое применение (тренировка), Обучение других и Просвещение.",,U.RoleStateGraph: Граф состояний роли,"Стадии обучения (Пропитка → Изучение → Практика → Обучение других) — это последовательность состояний, которые проходит человек в освоении мастерства. В FPF жизненный цикл и последовательность состояний, которые может проходить роль (например, роль «Ученик практики Х»), моделируется через Граф состояний роли (U.RoleStateGraph).",,,,"Уровни мастерства, План работ, Пропитка, Бесконечное развитие. Мысли: Если уровни мастерства — это ""что я могу"", то стадии обучения — это ""как этого достичь"". Источники показывают, что на разных уровнях мастерства приоритет стадий меняется. Новичок должен сфокусироваться на пропитке и теории, а мастер — на обучении других и просвещении, чтобы продолжать расти. Это очень важный методический принцип: нельзя стать мастером, просто бесконечно тренируясь в одиночку."
C_53,Стратегирование,"Непрерывный процесс работы с неудовлетворённостями, их перевода в приоритетные проекты и гипотезы по их реализации. Процесс важнее статичного плана («стратегии»), так как позволяет постоянно адаптироваться к изменениям через еженедельные сессии.",,B.5.2 Abductive Loop: Абдуктивный цикл (генерация гипотез),Стратегирование — это непрерывный процесс работы с неудовлетворённостями и перевода их в проекты и гипотезы. Этот процесс генерации наилучших объяснений и методов действия в условиях неопределённости в FPF моделируется как Абдуктивный цикл в рамках Канонического цикла рассуждений.,,,,"Неудовлетворённость, Приоритетный проект, Личный контракт, Горизонт стратегирования, Сессия стратегирования. Мысли: Стратегирование — это не написание большого документа раз в год. Это еженедельная ""встреча с собой"", на которой вы сверяете свои долгосрочные смыслы с планами на ближайшие семь дней. Это превращает абстрактные цели из источника фонового шума и беспокойства в топливо для конкретных, проверяемых действий."
C_54,Творческий конвейер,"Налаженный творческий процесс, который позволяет человеку постоянно и предсказуемо генерировать новые идеи (смыслы, цели), воплощать их в виде проработанных моделей и формировать свою личную базу знаний.",,B.4.3 Method Instantiation: Инстанцирование и улучшение метода,Это налаженный творческий процесс для предсказуемой генерации идей. Речь идёт об отлаженном и постоянно улучшаемом методе работы. В FPF циклы улучшения процессов и методов моделируются как Method Instantiation в рамках Канонического цикла эволюции.,,,,"Мышление письмом, Исчезающие заметки, Личная база знаний, Экзокортекс, Стратегирование. Мысли: Это операционная система для интеллектуальной работы. Она разрушает миф о ""творчестве по вдохновению"". Вместо ожидания музы, вы выстраиваете процесс, который гарантированно производит идеи: от систематического чтения (вход), через фиксацию мыслей в заметках и их проработку в черновиках, до публикации готовых заготовок (выход). Это превращает творчество из случайности в управляемый, ритмичный процесс."
C_55,Творческий щелчок,"Внезапное ощущение озарения (""Эврика!""), когда разрозненные идеи в черновике складываются в единый пазл и тема становится готовой для оформления в виде заготовки. Это сигнал о ""созревании"" идеи на творческом конвейере.",,U.Dynamics: Закон изменения состояния (триггер),"Это внезапный инсайт или решение, возникающее как результат длительной неосознанной работы мозга над проблемой. Это триггер, который запускает переход ментальной системы в новое состояние («решение найдено»). В FPF такие события-триггеры, управляющие сменой состояний, являются частью U.Dynamics.",,,,"Творческий конвейер, Черновики, Заготовка, Мышление письмом. Мысли: Это кульминация работы творческого конвейера. Важно понимать, что этот ""щелчок"" — не случайность, а результат систематической работы по сбору заметок и их медленному ""вызреванию"" в черновиках. Умение доверять этому ощущению и сразу садиться за написание заготовки — ключ к высокой интеллектуальной продуктивности."
C_56,Техноэволюция,"Процесс развития и распространения мемов (идей, знаний, культурных норм), за счёт которых создаются технологии, усиливающие функции человека (например, экзокортекс для мышления).",,B.4 Canonical Evolution Loop: Канонический цикл эволюции,"Это процесс эволюционного развития технологий, где мемом (описание) хранится отдельно от фенома (воплощение), что допускает «умные мутации» и быстрое развитие. FPF моделирует такие процессы улучшения и развития через Канонический цикл эволюции (Run-Observe-Refine-Deploy), который по сути является операционной моделью техноэволюции.",,,,"Мемы, Эволюция, Экзокортекс, Бесконечное развитие, Элита. Мысли: Это взгляд на развитие цивилизации как на эволюцию не генов, а идей. Мы, как деятели, являемся и продуктом, и агентами этой техноэволюции. Осознанно впитывая лучшие мемы (через чтение) и создавая новые (через мышление письмом), мы вносим вклад в общее развитие, которое выходит за рамки нашей собственной жизни."
C_57,Траектория ролей,Последовательность развития ролей: Ученик → Интеллектуал → Профессионал → Исследователь → Просветитель; переход по демонстрации воспроизводимых результатов.,,U.RoleStateGraph: Граф состояний роли,"Это последовательность развития ролей (Ученик → Интеллектуал и т.д.). В FPF жизненный цикл и последовательность состояний, которые может проходить роль, моделируется через Граф состояний роли (RSG).",,,,Помогает планировать «подсвечивание» следующей роли конкретным артефактом недели.
C_58,Уровни мастерства,"Степень владения изучаемой практикой, которая определяет, что человек может делать. В источниках выделяется 4 уровня: Объяснение (понимаю зачем и что это), Умение (могу применять систематически), Навык (делаю качественно, быстро и с удовольствием), Мастерство (творю, учу других, развиваю теорию).",,U.RoleStateGraph: Граф состояний роли,"Это степень владения практикой (Объяснение → Умение → Навык → Мастерство). Эти уровни представляют собой состояния в развитии мастерства. Их можно смоделировать как узлы в Графе состояний роли (например, роли «Мастер практики Х»).",,,,"Стадии обучения, Бесконечное развитие, Мастерство саморазвития, Осознанное обучение. Мысли: Эта модель превращает абстрактное ""научиться"" в конкретную, измеримую траекторию. Она показывает, что мастерство — это не просто ""много часов практики"". Это последовательное прохождение этапов, где на каждом уровне меняется фокус: сначала — мотивация и теория (Объяснение), затем — ритмичность (Умение), потом — качество и автоматизм (Навык), и, наконец, — творчество и передача знаний (Мастерство). Это дорожная карта для любого обучения."
C_59,Устойчивая карьера (Sustainable Career),"Концепция, которая рассматривает карьеру через призму долгосрочного благополучия, объединяя продуктивность, здоровье и счастье во времени, а также синхронизируя различные жизненные сферы (работа, семья, развитие).",,E/E‑LOG — Политика исследования/эксплуатации,"Это концепция карьеры, которая объединяет продуктивность, здоровье и счастье в долгом временном горизонте. Это стратегия или политика, балансирующая между освоением нового (исследование) и применением имеющихся навыков (эксплуатация) для обеспечения долгосрочного благополучия. В FPF для этого есть архитеория E/E-LOG (Explore-Exploit Governor).",,,,"Системная карьера, Организация досуга, Ресурсность, Непрерывное развитие. Мысли: Это современный взгляд, который уходит от модели ""карьерного спринта"" к ""карьерному марафону"". Речь идет не о том, чтобы достичь пика как можно быстрее, а о том, чтобы поддерживать высокий уровень продуктивности и удовлетворенности на протяжении всей жизни. Практика организации досуга и работа со своими неудовлетворённостями являются ключевыми инструментами для построения именно такой, устойчивой, карьеры."
C_60,Формирование окружения,"Осознанная деятельность по изменению физической (рабочее место, город) и социальной (семья, коллеги, сообщества) среды для её превращения в функциональную, эстетичную, развивающую и мотивирующую.",,U.Method: Абстрактный метод (способ действия),"Это осознанная деятельность по изменению физической и социальной среды. Это способ действия, направленный на создание определённых условий, то есть U.Method.",,,,"Банка с огурцами, Впечатления, Практики досуга, Сообщество единомышленников. Мысли: Это мощнейший рычаг влияния на свою жизнь. Вместо того чтобы просто ""попасть в хорошее место"", нужно научиться создавать это ""хорошо"" вокруг себя. Правильное окружение работает как ""банка с огурцами"" — оно пропитывает, мотивирует и экономит массу ментальной энергии, которую иначе пришлось бы тратить на борьбу со средой."
C_61,Целенаправленное зондирование,"Тактика движения в условиях неопределенности: держать ясный долгосрочный ориентир, но двигаться короткими, проверяемыми шагами (недельными инкрементами), получая обратную связь и накапливая капитал (навык, репутацию). Метафора — «прыжки по камушкам в тумане».",,E/E-LOG: Политика исследования/эксплуатации,"Это тактика движения в неопределённости: «прыжки по камушкам в тумане». Это стратегия или политика, балансирующая между исследованием нового (прыжок в туман) и эксплуатацией известного (прыжок на видимый камень). В FPF для этого есть специальная архитеория E/E-LOG (Explore-Exploit Governor).",,,,"Стратегирование, Приоритетный проект, Недельный спринт, Гипотеза. Мысли: Это ответ на парадокс ""как планировать в хаосе?"". Вместо жесткого долгосрочного плана вы выстраиваете процесс, который позволяет гибко адаптироваться, не теряя направления. Связка «большая цель ↔ недельный рабочий продукт» — это и есть реализация этого принципа."
C_62,Чувство,"По сути. Осознанные и более длительные переживания/отношения (например, симпатия, уважение), которые могут направлять действия, но не диктуют сиюминутные реакции. В быту «чувства» часто фигурируют как причина действий («поцеловал от избытка чувств») — единичный акт лишь проявляет внутреннее состояние, но не задаёт способ работы . Важно различать «чувства» как аффективные состояния и «органы чувств» (сенсорные каналы восприятия) — разные смыслы одного слова: модальности восприятия опираются на пять органов чувств и связаны с понятизацией опыта .

Когда важно. В долгих кооперациях и обучении, где устойчивые отношения и мотивация поддерживают дисциплину и внимание.

Из чего состоит (операционализация). 1) Осознавание и называние чувства; 2) разведение чувства и роли: действуем по роли, не «по чувству»; 3) внешняя фиксация (заметки) для трезвого анализа мотиваций и последствий",,U.Characteristic: Характеристика,"Чувство — это субъективная эмоциональная реакция на неудовлетворённость, и его сила определяет мотивацию к действию. Как и эмоция, это измеряемая характеристика психического состояния агента. В FPF для таких измеряемых свойств используется U.Characteristic.",,,,"Путают с:
• Эмоциями. Эмоции — мгновенные всплески; чувства — более долгоиграющие и осмысляемые состояния (их можно описывать и обсуждать как контекст действий) .
• «Пять чувств». Это сенсорика, а не аффективность; совпадение только лексическое .

Связи:
• Опирается на: Понятизацию субъективного опыта (называние, нарратив) и работу внимания .
• Порождает: стабильную мотивацию/отношения, влияющие на выбор ролей и проектов.

Метафора. Климат: задаёт общий фон погоды и маршрутов, но каждую «бурю» (эмоцию) всё равно приходится проходить по приборам."
C_63,Шкура на кону (Skin in the game),"Принцип, согласно которому человек несет ответственность за свои слова и действия, рискуя чем-то реальным (репутацией, ресурсами). Это необходимое условие для эволюции идей и личного роста.",,U.Method: Абстрактный метод (способ действия),"Это принцип, согласно которому человек несёт ответственность за свои слова и действия, рискуя чем-то реальным (репутацией, ресурсами). Это способ действия или этический принцип, который обеспечивает эволюцию идей и личный рост. В FPF такие универсальные принципы действия моделируются как U.Method.",,,,"Публичность, Агентность, Элита, Ответственность. Мысли: Это философский принцип, который отделяет теоретиков от практиков. Публикация заготовки, даже для узкого круга, — это пример того, как ""поставить шкуру на кон"". Это заставляет относиться к своим мыслям серьезнее и ускоряет получение обратной связи."
C_64,Экзокортекс / Второй мозг (Second Brain),"Внешняя среда для обработки и хранения информации, которая дополняет и усиливает биологический мозг. Включает технологии (компьютеры, ПО), методы и привычки, которые усиливают интеллект, память и способность к творчеству.",,U.System: Система (составная),"Это внешняя среда для обработки и хранения информации, которая усиливает мозг. Это система, состоящая из инструментов (компьютер, ПО) и методов, тесно интегрированная с человеком. В FPF такие операционные целостности моделируются как U.System.",,,,"Киберличность, Мышление письмом, Личная база знаний, Творческий конвейер. Мысли: Современный деятель — это не просто человек, а симбиоз человека и его экзокортекса. Развивать нужно не только ""себя"", но и эту расширенную систему. Грамотно настроенный экзокортекс превращает разрозненные заметки в личную базу знаний, которая со временем начинает работать на вас, подсказывая неожиданные связи и идеи."
C_65,Элита,"Совокупность людей-созидателей, которые устойчиво создают ценность на высоких системных уровнях (отрасли, общества, цивилизации). Описывается тремя характеристиками: агентностью и калибром личности, высокой степенью мастерства и достаточной ресурсностью.",,Norm-CAL: Нормативный калькулус (ограничение),"Это заранее определённые сферы и практики, в которых человек не участвует. Это набор норм и ограничений, которые управляют поведением. В FPF такие правила, обязательства и запреты моделируются с помощью архитеории Norm-CAL.",,,,"Агентность, Ресурсность, Степень мастерства, Системные уровни, Карьерный рост. Мысли: Элита в этом понимании — это не про статус или привилегии, а про ответственность и способность создавать сложные, полезные системы. Это ориентир для карьерного роста. Путь в элиту — это не ""назначение"", а траектория ролей (Ученик → Интеллектуал → Профессионал → ...), подкреплённая публичными артефактами и доказанной полезностью."
C_66,Эмоции,,,U.Characteristic: Характеристика,"Эмоции — это субъективная реакция на проблему или неудовлетворённость. Сила эмоции влияет на выбор приоритетных проектов. Это измеряемая характеристика состояния агента, поэтому в FPF она соответствует типу U.Characteristic.",,,,
C_67,Этические фильтры / «красные зоны»,"Заранее заданные сферы/практики, куда вы не идёте (вредные продукты, нечестные практики).",,Norm-CAL: Нормативный калькулус (ограничение),"Это заранее определённые виды продуктов, практик и условий, в которых человек не участвует ни при каких обстоятельствах. Это набор норм и ограничений, которые управляют поведением. В FPF такие правила, обязательства и запреты моделируются с помощью архитеории Norm-CAL.",,,,Держат долгий горизонт и репутацию; проверяются на еженедельной сессии стратегирования.
C_68,Эпик,,,,,,,,
,Карьера как управляемая система,,,,,,,,
,Карьерный концепт,,,,,,,,